,username,icon,Trial name,First name,Last name,email,Address,Latitude,Longitude,Postcode,Telephone number,Department
0,mereOwl9,../../assets/staff_icons/administrator_2.png,MindfullAI,Charlotte,Treadwell,charlotte_treadwell@mindfulai.com,"Studio 0
Natasha street
Port Derektown
TW0R 3NH",53.69786,-2.68758,N7 0BF,(0113)4960410,Administrator
1,excitedHyena4,../../assets/staff_icons/administrator_2.png,MindfullAI,Catherine,Cross,catherine_cross@mindfulai.com,"Flat 44Y
Graham flat
South Naomi
W0A 1FR",51.35084,-1.99421,NE6B 6GA,(028) 9018 0419,Administrator
2,zestyRaisins7,../../assets/staff_icons/developer_1.png,MindfullAI,Matthew,Souders,matthew_souders@mindfulai.com,"Flat 88
Manning walks
West Iainberg
S92 3RL",52.68333,0.93333,DY4 4XW,+44909 8790043,Developer
3,similarSeagull2,../../assets/staff_icons/healthcare_2.png,MindfullAI,Edward,Park,edward_park@mindfulai.com,"1 Barnett extension
West Mohammedville
YO8E 8GY",50.75767,-1.5443,LN83 6BT,0113 496 0415,Healthcare
4,sadOwl1,../../assets/staff_icons/administrator_1.png,MindfullAI,Kelsey,Simmons,kelsey_simmons@mindfulai.com,"4 Rachel unions
North Joelhaven
BB97 2HF",53.78333,-1.06667,W19 4TJ,0113 496 0055,Administrator
5,solidPolenta3,../../assets/staff_icons/developer_1.png,MindfullAI,Dorothy,Gross,dorothy_gross@mindfulai.com,"47 Slater unions
Mitchellchester
HD2M 4GQ",55.82885,-4.21376,SL47 3QN,+44(0)306 9990147,Developer
6,amusedGnu2,../../assets/staff_icons/healthcare_2.png,MindfullAI,Noemi,Eggert,noemi_eggert@mindfulai.com,"Studio 58
Clayton falls
Lake Janetville
M9 1UR",53.81667,-3.05,WN1E 8AN,01414960581,Healthcare
7,lyingWigeon7,../../assets/staff_icons/healthcare_1.png,MindfullAI,Jimmy,Katz,jimmy_katz@mindfulai.com,"75 Turner rest
Shaunhaven
CF97 2HW",53.49389,-1.29243,B2 3YS,0115 496 0963,Healthcare
8,murkyCheese3,../../assets/staff_icons/developer_1.png,MindfullAI,Pauline,Miller,pauline_miller@mindfulai.com,"85 Ward ferry
Port Danny
W3K 3UL",51.42708,-0.91979,B3T 4NE,+44191 496 0449,Developer
9,pridefulTuna1,../../assets/staff_icons/administrator_1.png,MindfullAI,Angela,Moe,angela_moe@mindfulai.com,"Flat 26
Collins roads
Lake Hazel
EN2 8QY",50.75767,-1.5443,WC5X 3RE,(0115)4960284,Administrator
10,worldlyChowder5,../../assets/staff_icons/administrator_2.png,MindfullAI,Kevin,Corrales,kevin_corrales@mindfulai.com,"624 Harrison stravenue
Marcushaven
B80 4XZ",50.7236,-3.52751,CW3 0EQ,09098790446,Administrator
11,somberSnipe2,../../assets/staff_icons/healthcare_1.png,MindfullAI,Lyndsey,Mcclary,lyndsey_mcclary@mindfulai.com,"895 Connor overpass
West Vincentshire
G36 1QD",51.35084,-1.99421,M38 3SF,020 74960775,Healthcare
12,holisticWigeon1,../../assets/staff_icons/administrator_1.png,MindfullAI,John,Bolton,john_bolton@mindfulai.com,"Flat 73I
Henderson club
Port Charlieborough
B72 4ZN",52.66277,-2.01111,B83 3RB,+44(0)9098790251,Administrator
13,morbidSyrup3,../../assets/staff_icons/developer_2.png,MindfullAI,Vickie,Kittinger,vickie_kittinger@mindfulai.com,"28 Angela ports
Port Dominictown
SK2H 4SG",51.84819,1.26738,E1 5GD,+44113 496 0413,Developer
14,spiritedOil4,../../assets/staff_icons/healthcare_1.png,MindfullAI,Gary,Beaty,gary_beaty@mindfulai.com,"997 Glen neck
Curtisfurt
CT8 9FR",51.40148,-1.32471,M65 8WB,(020) 74960820,Healthcare
